{"cameraMode":{"drawMode":0,"name":"Shaded","section":"Shading Mode"},"sceneLighting":true,"audioPlay":false,"sceneViewState":{"showFog":true,"showMaterialUpdate":false,"showSkybox":true,"showFlares":true,"showImageEffects":true,"showParticleSystems":true},"in2DMode":false,"pivot":{"x":413.31378173828127,"y":23.61216926574707,"z":-274.858642578125},"rotation":{"x":0.0018385362345725299,"y":0.9981333017349243,"z":-0.04675648733973503,"w":0.03924773633480072},"size":222.27597045898438,"orthographic":false}